{
  "standard": {
    "mean_total_loss": 8.230988097190856,
    "std_total_loss": 0.6664859924888747,
    "mean_query_loss": 7.852950763702393,
    "std_query_loss": 1.5926122175932975,
    "mean_incontext_loss": 8.250884747505188,
    "std_incontext_loss": 0.6691316965927611,
    "per_position_losses": [
      8.797896790504456,
      8.21349766254425,
      8.379055285453797,
      7.945571041107177,
      8.520869946479797,
      8.157940316200257,
      8.87101171016693,
      8.347211527824403,
      8.99280321598053,
      7.762232255935669,
      7.716003012657166,
      8.564013791084289,
      7.512697386741638,
      7.77065417766571,
      7.908747363090515,
      8.449711155891418,
      8.502920842170715,
      8.02468020915985,
      8.329291534423827,
      7.852950763702393
    ],
    "baseline_comparisons": {
      "least_squares_query_loss": 0.019586593700241444
    }
  },
  "per_position": {
    "mean": [
      8.665665316581727,
      7.781332492828369,
      8.060402989387512,
      7.6178419351577755,
      8.653332734107972,
      7.533829379081726,
      8.03696060180664,
      8.189465522766113,
      8.475790190696717,
      8.255069303512574,
      8.426663708686828,
      8.10718913078308,
      8.683060359954833,
      8.135268926620483,
      8.642478656768798,
      8.59569959640503,
      8.023184299468994,
      8.139913892745971,
      8.456288719177246,
      8.693209385871887
    ],
    "std": [
      1.7604361662495984,
      2.215174238165706,
      1.9188391229968558,
      1.1677587175270008,
      1.7796356021410678,
      1.5756310954082815,
      1.6200067127337414,
      1.564755673738285,
      1.8281168339392768,
      1.6897961521330944,
      1.673065771685559,
      1.4122370549759304,
      1.559787119762642,
      1.8948743224638163,
      1.828649449574034,
      1.29956437133944,
      1.9167135808088058,
      1.5444847825890933,
      2.019610201982955,
      1.9186517976622202
    ]
  },
  "generalization": {
    "5": {
      "mean_total_loss": 7.991534042358398,
      "std_total_loss": 0.674511315655664,
      "mean_query_loss": 8.027122926712035,
      "std_query_loss": 1.50589180990366,
      "mean_incontext_loss": 7.98263635635376,
      "std_incontext_loss": 0.6999714610285911,
      "per_position_losses": [
        8.118168354034424,
        8.11251358985901,
        7.653312063217163,
        8.046552085876465,
        8.027122926712035
      ],
      "baseline_comparisons": {
        "least_squares_query_loss": 4.3801294627666465
      }
    },
    "10": {
      "mean_total_loss": 8.02957592010498,
      "std_total_loss": 0.6111031959195585,
      "mean_query_loss": 8.5900288105011,
      "std_query_loss": 2.5257122735178488,
      "mean_incontext_loss": 7.96730318069458,
      "std_incontext_loss": 0.6572992291361235,
      "per_position_losses": [
        8.349115324020385,
        7.124573755264282,
        7.635054349899292,
        9.124507236480714,
        7.953070974349975,
        7.653767824172974,
        8.100941801071167,
        8.289778900146484,
        7.4749175071716305,
        8.5900288105011
      ],
      "baseline_comparisons": {
        "least_squares_query_loss": 0.30080450032423567
      }
    },
    "15": {
      "mean_total_loss": 8.068299674987793,
      "std_total_loss": 0.790653010507027,
      "mean_query_loss": 8.48824691772461,
      "std_query_loss": 1.4983175263300015,
      "mean_incontext_loss": 8.03830327987671,
      "std_incontext_loss": 0.7949047629676723,
      "per_position_losses": [
        8.268748378753662,
        7.508916330337525,
        7.995142126083374,
        8.08973069190979,
        8.510200309753419,
        7.77873125076294,
        8.169557428359985,
        8.178680467605592,
        8.281266212463379,
        8.607706356048585,
        8.149954700469971,
        6.987449693679809,
        8.2575523853302,
        7.7526061058044435,
        8.48824691772461
      ],
      "baseline_comparisons": {
        "least_squares_query_loss": 0.022336430789022543
      }
    },
    "20": {
      "mean_total_loss": 8.014397764205933,
      "std_total_loss": 0.4105036098391785,
      "mean_query_loss": 7.668016862869263,
      "std_query_loss": 1.5500794763942425,
      "mean_incontext_loss": 8.03262801170349,
      "std_incontext_loss": 0.39773108851362227,
      "per_position_losses": [
        8.406511116027833,
        7.818371772766113,
        7.9802717685699465,
        8.115494203567504,
        7.936412239074707,
        7.927578496932983,
        8.62063045501709,
        8.897498321533202,
        7.753134775161743,
        7.681778764724731,
        7.54264235496521,
        8.46878981590271,
        8.010589981079102,
        8.645482921600342,
        7.361997032165528,
        8.017132997512817,
        7.669981575012207,
        8.030835103988647,
        7.734800148010254,
        7.668016862869263
      ],
      "baseline_comparisons": {
        "least_squares_query_loss": 0.01657878984248935
      }
    }
  },
  "ood": {
    "standard": {
      "mean_total_loss": 7.820423030853272,
      "std_total_loss": 0.424530768385086,
      "mean_query_loss": 7.21415901184082,
      "std_query_loss": 1.5903158621340518,
      "mean_incontext_loss": 7.852331495285034,
      "std_incontext_loss": 0.3966623724834648,
      "per_position_losses": [
        7.518116092681884,
        7.950477552413941,
        7.2666582584381105,
        7.082285308837891,
        8.484965896606445,
        7.27307095527649,
        8.371214723587036,
        8.122967100143432,
        8.392914581298829,
        7.581141376495362,
        7.49286904335022,
        7.931020593643188,
        8.602862215042114,
        7.446779251098633,
        8.552483558654785,
        8.462697505950928,
        8.065647506713868,
        7.661900043487549,
        6.934223461151123,
        7.21415901184082
      ],
      "baseline_comparisons": {
        "least_squares_query_loss": 0.01749777253207665
      }
    },
    "skewed_covariance": {
      "mean_total_loss": 8.006599378585815,
      "std_total_loss": 0.5382311918853521,
      "mean_query_loss": 8.641927003860474,
      "std_query_loss": 1.4888667436776608,
      "mean_incontext_loss": 7.973161029815674,
      "std_incontext_loss": 0.5118721523321271,
      "per_position_losses": [
        7.705523490905762,
        7.543617057800293,
        9.150715351104736,
        7.196616315841675,
        8.091678571701049,
        7.566055154800415,
        7.236692905426025,
        8.76147527694702,
        8.153461599349976,
        8.12208342552185,
        8.301962757110596,
        7.94647216796875,
        7.368956279754639,
        8.097084474563598,
        7.178619527816773,
        8.157201433181763,
        7.937661457061767,
        8.864910221099853,
        8.109274101257324,
        8.641927003860474
      ],
      "baseline_comparisons": {
        "least_squares_query_loss": 0.017991947314609937
      }
    },
    "noisy_labels": {
      "mean_total_loss": 8.185967254638673,
      "std_total_loss": 0.522691794409333,
      "mean_query_loss": 7.316020154953003,
      "std_query_loss": 1.0335711060998678,
      "mean_incontext_loss": 8.231753730773926,
      "std_incontext_loss": 0.5239645920415436,
      "per_position_losses": [
        9.042433023452759,
        9.661931943893432,
        7.327609920501709,
        8.63838815689087,
        7.909062290191651,
        7.823326826095581,
        9.252561140060426,
        8.259746217727661,
        8.735507345199585,
        8.027453517913818,
        8.353650426864624,
        7.876979684829712,
        7.494868230819702,
        7.4171891689300535,
        8.755259132385254,
        8.317768478393555,
        7.6415876865386965,
        8.2865891456604,
        7.581409883499146,
        7.316020154953003
      ],
      "baseline_comparisons": {
        "least_squares_query_loss": 0.23350954095845838
      }
    },