{
  "standard": {
    "mean_total_loss": 0.41253032088279723,
    "std_total_loss": 0.06592844291315088,
    "mean_query_loss": 8.068746256828309,
    "std_query_loss": 1.3872254746348867,
    "mean_incontext_loss": 0.009571586630772799,
    "std_incontext_loss": 0.012971060886818883,
    "per_position_losses": [
      0.0037801302736625076,
      0.007478727633133531,
      0.0029001681949011983,
      0.003165964741492644,
      0.007411840709391981,
      0.0028718825080431996,
      0.014201709715416655,
      0.010079155466519297,
      0.004605973546858877,
      0.002412811911199242,
      0.004071316606132314,
      0.00518432839307934,
      0.0039033739420119675,
      0.007802799250930548,
      0.020372844103258105,
      0.010108119808137417,
      0.012668139219749719,
      0.045268313406268135,
      0.013572552893310785,
      8.068746256828309
    ],
    "baseline_comparisons": {
      "least_squares_query_loss": 0.01900989788184846
    }
  },
  "per_position": {
    "mean": [
      0.023918605083599685,
      0.004707370535470545,
      0.021755143336486073,
      0.004624651884660125,
      0.01311675769975409,
      0.004106576857157052,
      0.002216064784443006,
      0.0022324098274111746,
      0.0025397027086000888,
      0.00811715058516711,
      0.048210017196834085,
      0.004099670756841078,
      0.009862239402718843,
      0.00418582207057625,
      0.004536133585497737,
      0.0028735089057590813,
      0.0023440616845618934,
      0.003130866412539035,
      0.009711737418547273,
      8.040878629684448
    ],
    "std": [
      0.058967728902222336,
      0.005753750306484711,
      0.06731105897957845,
      0.009881969006408283,
      0.02936096628073726,
      0.007862701592148325,
      0.0003049311723484597,
      0.0004945800084208766,
      0.0018683671618484074,
      0.019230491496766446,
      0.20079563542326148,
      0.007537317955972323,
      0.027887287386196162,
      0.007647424704656601,
      0.007175052547724527,
      0.00184349490824526,
      0.001210291658478984,
      0.00440583697443312,
      0.020529424038005187,
      1.2158869654168074
    ]
  },
  "generalization": {
    "5": {
      "mean_total_loss": 1.6049294590950012,
      "std_total_loss": 0.3299611405513134,
      "mean_query_loss": 8.009324502944946,
      "std_query_loss": 1.637305067463933,
      "mean_incontext_loss": 0.0038306734059005976,
      "std_incontext_loss": 0.004760498137954501,
      "per_position_losses": [
        0.0023536585504189134,
        0.002243724255822599,
        0.00211242901859805,
        0.008612881321460009,
        8.009324502944946
      ],
      "baseline_comparisons": {
        "least_squares_query_loss": 4.072383634075505
      }
    },
    "10": {
      "mean_total_loss": 0.7338653624057769,
      "std_total_loss": 0.10722362607583365,
      "mean_query_loss": 7.306029462814331,
      "std_query_loss": 1.075481330637278,
      "mean_incontext_loss": 0.0036249023163691164,
      "std_incontext_loss": 0.003160143557882806,
      "per_position_losses": [
        0.002650822699069977,
        0.011754249618388713,
        0.0021512906765565275,
        0.0033054430270567535,
        0.002918455470353365,
        0.002351270453073084,
        0.0032758867600932717,
        0.002153366431593895,
        0.002063335897400975,
        7.306029462814331
      ],
      "baseline_comparisons": {
        "least_squares_query_loss": 0.3770679588648555
      }
    },
    "15": {
      "mean_total_loss": 0.5440794557332993,
      "std_total_loss": 0.13130341065118803,
      "mean_query_loss": 7.8450603008270265,
      "std_query_loss": 1.8133698874212127,
      "mean_incontext_loss": 0.022580780065618457,
      "std_incontext_loss": 0.04475712910966182,
      "per_position_losses": [
        0.0025908417301252484,
        0.002356591890566051,
        0.019038089853711426,
        0.0021743484772741794,
        0.013282979349605739,
        0.0021042834152467547,
        0.0038115178351290522,
        0.004306989652104676,
        0.012625074363313615,
        0.20533844251185657,
        0.0021862532012164593,
        0.02543251714669168,
        0.0043759792111814026,
        0.016506986948661505,
        7.8450603008270265
      ],
      "baseline_comparisons": {
        "least_squares_query_loss": 0.029337240873123217
      }
    },
    "20": {
      "mean_total_loss": 0.48209846317768096,
      "std_total_loss": 0.10678296823533681,
      "mean_query_loss": 9.484302473068237,
      "std_query_loss": 2.122815421429837,
      "mean_incontext_loss": 0.008298235107213258,
      "std_incontext_loss": 0.006768509075047856,
      "per_position_losses": [
        0.0050059798639267685,
        0.005133090377785266,
        0.0033192481030710043,
        0.012011843244545161,
        0.0021444699028506874,
        0.048891400638967755,
        0.0028767299139872194,
        0.0020347682177089153,
        0.0022502128151245413,
        0.007698665629141033,
        0.005505467904731632,
        0.0021341638173907997,
        0.0021130515495315196,
        0.002096321922726929,
        0.023344000382348896,
        0.007510362914763391,
        0.014419687096960843,
        0.004551141406409442,
        0.0046258621849119665,
        9.484302473068237
      ],
      "baseline_comparisons": {
        "least_squares_query_loss": 0.016992718020517293
      }
    }
  },
  "ood": {
    "standard": {
      "mean_total_loss": 0.40541997104883193,
      "std_total_loss": 0.13359093678777942,
      "mean_query_loss": 8.01676926612854,
      "std_query_loss": 2.664816954704125,
      "mean_incontext_loss": 0.004822637466713786,
      "std_incontext_loss": 0.0035029109499327147,
      "per_position_losses": [
        0.009580874023959041,
        0.0036291357362642886,
        0.022142803855240346,
        0.002896996005438268,
        0.005117006751243025,
        0.002197845047339797,
        0.0025582668371498586,
        0.005647776648402214,
        0.00210624267347157,
        0.0021028787130489947,
        0.002187456423416734,
        0.0044559931848198175,
        0.00695293175522238,
        0.0025676239980384707,
        0.002431849017739296,
        0.0020860339980572464,
        0.008772811410017312,
        0.0021241468843072654,
        0.002071437588892877,
        8.01676926612854
      ],
      "baseline_comparisons": {
        "least_squares_query_loss": 0.019226659367944366
      }
    },
    "skewed_covariance": {
      "mean_total_loss": 0.39762412309646605,
      "std_total_loss": 0.09058070595334901,
      "mean_query_loss": 7.834615325927734,
      "std_query_loss": 1.8382715755816228,
      "mean_incontext_loss": 0.006203542998991907,
      "std_incontext_loss": 0.002927068164611915,
      "per_position_losses": [
        0.005683934176340699,
        0.005965073313564062,
        0.003618274163454771,
        0.0045690607279539105,
        0.0032986908685415984,
        0.0034698749659582973,
        0.016252286871895193,
        0.0035976652055978776,
        0.0032226940616965293,
        0.0034363867016509175,
        0.006859774724580348,
        0.0034869796596467494,
        0.003619032562710345,
        0.012206542096100748,
        0.01758895767852664,
        0.0032557112630456687,
        0.003545707487501204,
        0.004452407942153513,
        0.009738265094347298,
        7.834615325927734
      ],
      "baseline_comparisons": {
        "least_squares_query_loss": 0.018603852370160358
      }
    },
    "noisy_labels": {
      "mean_total_loss": 0.39240343421697615,
      "std_total_loss": 0.06981845339234409,
      "mean_query_loss": 7.666790914535523,
      "std_query_loss": 1.3577191497709664,
      "mean_incontext_loss": 0.009540944010950625,
      "std_incontext_loss": 0.013683503463906054,